INSERT INTO user (nickname, firstname, lastname, password, email, birthday, province, money) VALUES
('roberto1985', 'Roberto', 'Fuentes', 'roberto12345', 'juanjuarez2020argcon@gmail.com', LOCALTIME, 'BUENOS_AIRES', 12000),
('maria_ana', 'Maria', 'Campos', 'maria12345', 'juanjuarez2020argcon@gmail.com', LOCALTIME, 'MENDOZA', 23000),
('adrian127', 'Adrian', 'Garcia', 'adrian12345', 'juanjuarez2020argcon@gmail.com', LOCALTIME, 'NEUQUEN', 7500),
('tomas_99', 'Tomas', 'Gonzalez', 'tomas12345', 'juanjuarez2020argcon@gmail.com', LOCALTIME, 'CHACO', 4900),
('abel1945', 'Abel', 'Campos', 'abel12345', 'juanjuarez2020argcon@gmail.com', LOCALTIME, 'SANTA_FE', 15800),
('laura555', 'Laura', 'Tomasi', 'laura12345', 'juanjuarez2020argcon@gmail.com', LOCALTIME, 'CATAMARCA', 22600),
('flor_sab', 'Florencia', 'Sabella', 'flor12345', 'juanjuarez2020argcon@gmail.com', LOCALTIME, 'MISIONES', 17300),
('mari_88_sol', 'Marisol', 'Marmol', 'marisol12345', 'juanjuarez2020argcon@gmail.com', LOCALTIME, 'NEUQUEN', 33570),
('esteban_6', 'Esteban', 'Grandinetti', 'esteban12345', 'juanjuarez2020argcon@gmail.com', LOCALTIME, 'LA_PAMPA', 10900),
('abc_alan', 'Alan', 'Melissi', 'alan12345', 'juanjuarez2020argcon@gmail.com', LOCALTIME, 'JUJUY', 5690);

INSERT INTO project (name, budget, description, owner, creation_Date, finish_Date, category, percentage) VALUES
('Empezar un negocio de indumentaria deportiva', 53000, 'Estoy empezando un negocio de indumentaria deportiva para jovenes y adultos. Yo soy deportista profesional pero necesito gente con experiencia en las areas de comercio, logistica y administracion. El nombre de la empresa es Primer Puesto, y en el documento Primer_Puesto.docx puede verse el registro en la AFIP y otros tramites legales. En Primer_Puesto_logo.jpg puede verse el logo que utiliza la empresa.', 'roberto1985', LOCALTIME, null, 'COMERCIO', 50),
('Temporada alta en hotel en Mendoza', 39500, 'Durante la temporada alta, el hotel Aire de Nieve, recibe alrededor de cinco veces la cantidad usual de clientes. Necesitamos ayuda en las areas de limpieza, gastronomia y atencion al cliente. En las imagenes Aire_de_Nieve_1.jpg y Aire_de_Nieve_2.jpg puede verse el frente y el comedor del hotel. El hotel suele organizar congresos academicos y se encuentra proximo al centro de la ciudad de Mendoza.', 'maria_ana', LOCALTIME, null, 'TURISMO', 25),
('Expansion internacional de empresa de software', 91800, 'Nuestra empresa de software BitBot esta desarrollando proyectos para nuevos clientes en Asia y Europa. El equipo actual de la empresa son siete desarrolladores, dos analistas y un manager. Necesitamos ayuda de programadores con experiencia en lenguajes Python, Java, Ruby, o en manejo de bases de datos relacionales. Es requerido un buen nivel de ingles en todos los casos y se valora conocimiento de sistemas UNIX.', 'adrian127', LOCALTIME, LOCALTIME, 'PROGRAMACION', 100),
('Asistencia en asilo de ancianos', 23990, 'Necesitamos ayuda en el asilo para personas mayores Tercera Edad. Temporalmente estamos bajos de personal y no podemos asistir correctamente a todos los pacientes. Se buscan personas con experiencia en cuidado de personas mayores y con dificultades de movilidad. En Tercera_Edad.jpg puede verse el edificio, y se adjuntan otras imagenes para mostrar las areas de las instalaciones y como es el trabajo cotidiano del personal.', 'abel1945', LOCALTIME, null, 'MEDICINA', 66),
('Reparaciones en edificios antiguos', 76000, 'La zona a trabajar es un predio de edificios construidos en la decada de 1960. Varios de los edificios requieren reparaciones fisicas, asi como mejoras en las instalaciones electricas y de iluminacion. La zona albergara un complejo de oficinas y algunos negocios comerciales. Se adjunta documentacion importante, favor de leer antes de asignarse tareas, ya que es condicion necesaria cumplir con los requisitos indicados en la documentacion.', 'roberto1985', LOCALTIME, null, 'CONSTRUCCION', 33),
('Trabajo en importante restaurante', 29200, 'Se necesitan varios cocineros para asistir una la cocina de un importante restaurante local, La Marinara. El restaurante trabaja principalmente con pastas y mariscos, pero tambien se necesita gente con experiencia en reposteria. La higiene y limpieza dentro del local es de extrema importancia, asi que a los interesados por favor leer las indicaciones de higiene y limpieza del local. El ritmo de trabajo es muy acelerado y la cocina cuenta con dos chefs profesionales de alto nivel.', 'maria_ana', LOCALTIME, null, 'GASTRONOMIA', 0),
('Compra y venta de objetos de coleccion', 153000, 'Soy un coleccionista profesional y busco ayuda para la compra y venta de diversos articulos de coleccion. Adjunto dos achivos: el catalogo de compra, que incluye la lista completa de articulos que busco comprar, y el rango de precios al cual estoy dispuesto a compralos, y el catalogo de venta, que incluye objetos que estoy intersado en vender, y el rango de precios estimados de venta de los mismos.', 'roberto1985', LOCALTIME, null, 'COMERCIO', 0),
('Organizar un torneo de futbol', 900, 'Somos un equipo amateur de futbol 5 de la localidad de San Cristobal, provincia de Santa Fe. Queremos organizar un torneo de futbol de alcance provincial. Los partidos se organizarian en la ciudad de Santa Fe (ya estan aseguradas las canchas), pero necesitamos ayuda con la organizacion y difusion de la convocatoria al torneo. Estimamos que deberian ser entre unos 20 o 30 equipos, y la duracion total del toneo seria de alrededor de dos meses.', 'roberto1985', LOCALTIME, null, 'DEPORTE', 0),
('Hacer encuestas de intencion de voto', 23500, 'Como parte de la campaña de elecciones municipales 2021, necesitamos hacer encuentas de intención de voto a los ciudadanos de la localidad de Cruz Azul, en barrios de distinto nivel socioeconómico. Las encuentas ya estan listas e impresas y solamente hay que pasar a retirarlas por el edificio de la municipalidad. No se necesita experiencia previa para realizar las encuestas, nosotros damos un breve curso al respecto', 'abc_alan', LOCALTIME, null, 'POLITICA', 0),
('Asistentes para Banco del Sol', 17000, 'En la institucion bancaria Banco del Sol, va a recibirse una gran cantidad de jubilados y pensionados, a los que les corresponde cobrar jubilaciones y pensiones adeudadas. Como muchas personas tienen dificultades para utilizar correctamente los cajeros automatios, necesitamos gente para asistir a los clientes en el uso de los mismos, explicandoles los pasos a seguir y guiandolos en caso de tener algun problema o dificultad.', 'mari_88_sol', LOCALTIME, null, 'BANCA', 0),
('Siembra de cosecha de soja', 33000, 'Estamos cerca de cosechar la siembra de soja, y necesitamos asistencia para la recoleccion de la cosecha y su transporte y guardado en los silos. No se necesita experiencia previa. El campo esta ubicado en San Nicolas, y proporcionamos transporte y hospedaje durante la duracion de la tarea. La cosecha no puede durar mas de una semana, probablemente a partir de la proxima semana. Preguntar en caso de tener dudas o consultas.', 'mari_88_sol', LOCALTIME, null, 'AGRICULTURA', 0),
('Desarrollo de cursos de formacion docente', 19600, 'Necesitamos gente con experiencia y formacion en los ambitos de la pedadogia, sociologia de la educacion y relaciones del trabajo, para diseñar y redactar cursos de formacion docentes para la Provincia de Buenos Aires. Los cursos estan orientados a docentes de primaria y de secundaria (son cursos diferentes) y deben incluir actividades y metodos de evaluacion que permitan generar estadisticas digitales. Proximamente subiremos los lineamientos de los cursos.', 'laura555', LOCALTIME, null, 'EDUCACION', 0),
('Preparación de funcion teatral', 600, 'Estamos preparando una serie de funciones teatrales para la obra proxima a estrenar La hoja de la espada, en el Teatro Rivadavia. Hay tareas pendientes relacionadas a la preparacion de las funciones: limpieza de la sala, preparacion de la escenografia y el vestuario, organizacion de la venta de entradas, etc. Las funciones son los viernes y sabado desde las 21:30 hasta las 22:40 horas, durante un periodo de cinco semanas, empezando la semana proxima.', 'esteban_6', LOCALTIME, null, 'ENTRETENIMIENTO', 0),
('Cuidado de vacas durante subasta', 21890, 'Necesito veterinario con experiencia en animales de ganado para cuidar a un grupo de aproximadamente 30 vacas que seran subastadas en el mercado de Liniers dentro de dos semanas. Ya cuento con el transporte para los animales, asi como la seguridad durante el proceso. Debe ser una persona con formacion universitaria en veterinaria y experiencia con animales de campo (no necesariamente con vacas, puede ser con otros animales como cerdos o cabras)', 'flor_sab', LOCALTIME, null, 'GANADERIA', 0),
('Produccion de metales industriales', 45890, 'Hay gran cantidad de tareas para realizar en el complejo industrial Litium S.A. Somos una empresa de fabricacion de baterias de litio, que utiliza diversas formas procesadas de litio en la creacion de laminas y placas para baterias. Es requisito excluyente tener experiencia en procesos y seguridad industriales. La empresa trabaja de 9 horas a 19 horas, de lunes a jueves (viernes se hace una limpieza y mantenimiento de la maquinaria).', 'laura555', LOCALTIME, null, 'INDUSTRIA', 0),
('Fotografia de especies en peligro de extincion', 16800, 'Como parte de un proyecto de investigacion del CONICET, requerimos una amplia serie de fotografias de especies animales en diferentes regiones del pais. es requisito ser fotografo especializado en naturaleza y vida animal, ya que las fotografias deben ser de alta calidad. Hay una amplia gama de requerimientos respecto de las especies a fotografiar, condiciones y horarios en que deben realizarse las fotografias, y cantidad de fotografias por especie.', 'flor_sab', LOCALTIME, null, 'INVESTIGACION', 0),
('Extraccion y procesamiento de litio', 79000, 'En el predio minero de la provincia de Jujuy, estamos inciando las operaciones de extraccion y refinamiento de Litio, en conjunto con varias empresas internacionales. Buscamos alguien con conocimiento profesional en ingenieria quimica para realizar y asistir en tareas de filtrado y procesamiento quimico del litio recien extraido. Nos hacemos cargo del tranporte hasta las instalaciones y de la estadia durante el desarrollo de la actividad.', 'mari_88_sol', LOCALTIME, null, 'MINERIA', 0),
('Entrevista a funcionarios publicos', 29000, 'Como parte de una serie de trabajos periodisticos, se busca gente para realizar una serie de entrevistas a diversos funcionarios publicos en diferentes administraciones municipales y provinciales de la Argentina. Las entrevistas deben realizarse a partir de una serie de guias y lineamientos sobre el desarrollo de las entrevistas y las preguntas a realizar. Se adjunta documento con todos los cargos publicos que deben ser entrevistados en cada distrito o provincia.', 'esteban_6', LOCALTIME, null, 'PERIODISMO', 0);


INSERT INTO task (name, description, reward, project_id, creation_Date, finish_Date, difficulty, owner, worker, state) VALUES
('Programar una aplicacion de asignacion de pedidos', 'Necesitamos desarrollar una aplicación en lenguaje Python que permita a los clientes crear un pedido introduciendo la información permitente, y luego asignando esos pedidos a los centros de distribución correspondientes segun la locación seleccionada en el pedido. Además, la aplicación debe generar las facturas y documentos oficiales pertinentes para cada pedido y enviarlos a nuestro departamento de finanzas. La aplicación incluye tanto backend como frontend y debe ser tanto web como mobile.', 23000, 3,LOCALTIME, null, 'EXTREMA', 'adrian127', 'roberto1985', 'FINALIZADA'),
('Reparación de puertas de habitaciones', 'Muchas de las puertas de las habitaciones del hotel son viejas, presentan dificultades al abrirse o cerrarse. Necesitamos alguien con habilidades de carpinteria, ebanisteria o similares que revise y repare todas las puertas con problemas en las instalaciones del hotel. Se adjunta plano del hotel y fografia de las puertas (todas las puertas del hotel son identicas). Esto no incluye ventanas ni puertes de comedor o salas de estar.', 17000, 2, LOCALTIME, null, 'REGULAR', 'maria_ana', 'roberto1985', 'FINALIZADA'),
('Preparacion de medicamentos', 'Se necesita clasificar, distribuir y repartir los medicamentos a los pacientes de las instalaciones. Esta tarea debe realizarse diariamente y con maxima antencion, ya que la correcta dosis de los medicamentos es vital para la salud de los pacientes. Se adjunta documentacion con información acerca de los medicamentos utilizados en Tercera Edad, favor de tener estudiada toda la información antes de asignarse la tarea, ya que es condición para la aprobación.', 15600, 4, LOCALTIME, null, 'DIFICIL', 'abel1945', 'maria_ana', 'EN_CURSO'),
('Limpieza de salas de estar y comedores', 'Tanto los tres salones de estar y sala de juegos como el comedor principal, el comedor secundario y el bar deber ser desinfectados y limpiados. Los espacios son bastante grandes y muy ventilados. Ya proveemos de todo el material necesario de limpieza y desinfección. La tarea no puede llevar mas de 36 horas, ya que estos espacios no se pueden cerrar a los clientes por mas tiempo, de lo contrario pueden afectar la comodidad de los huespedes.', 3900, 2, LOCALTIME, null, 'FACIL', 'maria_ana', 'adrian127', 'COMPLETA'),
('Desarrollar una pagina web', 'Necesitamos una página web para que los usuarios puedan ver nuestros catalogo de productos, precios, comentarios de otros usuarios, tiempo y costo de envio, etc. No hay requerimientos en cuanto a la tecnologia a utilizar. Se adjunta documentacion con lineamientos generales que deben cumplirse y con información para cada producto que debe ser accesible facilmente al usuario. La pagina debe tener la opcion de loguearse mediante cuenta de Google o facebook.', 7600, 1, LOCALTIME, null, 'REGULAR', 'roberto1985', 'abel1945', 'FINALIZADA'),
('Asistir a pacientes con dificultades motrices', 'Algunos pacientes tiene serias dicultades de movilidad, desde algunos que utilizan bastones o sillas de ruedas hasta otros que no pueden moverse por si mismos. Se necesita personal que asista a estos pacientes en sus actividades cotidianas: comer, ir al baño, realizar actividades grupales, ejercitarse, etc. La asignación es exclusiva a estos pacientes y no involucra al resto de los adultos mayores presentes en las instalaciones.', 5900, 4, LOCALTIME, null, 'DIFICIL', 'abel1945', 'roberto1985', 'FINALIZADA'),
('Reparacion quinto piso edificio B', 'El quinto piso del edificio B sera utilizado como sala de reuniones y comedor para el personal. La estructura edilicia se encuentra en mal estado, deteriorada y necesita pintura. Asimismo se requiere una revision y reparación (en caso de ser necesario) del cableado electrico en el piso. Los materiales de trabajo los proporcionamos nosotros, pero cualquier material extra debe salir del monto de recompensa de la tarea.', 12000, 5, LOCALTIME, null, 'REGULAR', 'roberto1985', 'maria_ana', 'FINALIZADA'),
('Lavado de ropa', 'Se necesita personal para realizar tareas de lavado, secado y planchado de ropa de uso cotidiano de los pacientes en la lavanderia de las instalaciones. Todo el equipamiento y material de lavado esta disponible en nuestro almacen y corre por cuenta nuestra. Hay dos turnos de lavado: mañana y tarde. Cada turno dura aproximadamente 2 horas, pero la duracion puede variar segun las actividades realizadas en el dia por los pacientes.', 4000, 4, LOCALTIME, null, 'RIDICULA', 'abel1945', 'roberto1985', 'FINALIZADA'),
('Diseñar una campaña publicitaria', 'Queremos publicitar una campera deportiva para hombres, con un diseño basado en camisetas de futbol. La poblacion objetivo para la campaña son hombres de entre 18 y 35 años. La campaña debe incluir carteles y afiches para colocar en la via publica, asi como un comercial televisivo de 60 segundos de duracion. Adjuntos estan los documentos con las especificaciones del producto y de lo que buscamos en la campaña publicitaria.', 24000, 1, LOCALTIME, null, 'FACIL', 'roberto1985', 'abel1945', 'FINALIZADA'),
('Atender el bar turno noche', 'Se necesita un barman con experiencia con conocimiento en preparar tragos para atender el bar en el horario de 22 a 07. Los clientes del bar son mayoritariamente los clientes del hotel pero puede haber otros invitados, y en ocasiones se debe preparar tragos para eventos organizados dentro del hotel. Se adjunta lista de tragos que deben ser ofrecidos a los clientes. La preparacion de los tragos en la lista es requisito obligatorio.', 31000, 2, LOCALTIME, null, 'REGULAR', 'maria_ana', 'roberto1985', 'COMPLETA'),
('Vigilancia de un edificio', 'Se necesita personal para hacer la ronda de vigilancia nocturna alrededor del edificio de unos 260 metros cuadrados. El horario seria de 23 a 07 horas, de lunes a viernes durante dos semanas. El predio del hotel tiene mucho movimiento en horario nocturno y es importante que los clientes vean la presencia de personal de seguridad. Esta tarea se realizara en apoyo de nuestro personal permanente de seguridad. Se debe tener permiso de portacion de arma.', 22000, 2, LOCALTIME, null, 'RIDICULA', 'maria_ana', 'adrian127', 'EN_CURSO'),
('Entregar mercaderia a domicilio', 'Nuestra empresa requiere entregar pedidos ya pagados por parte de los usuarios en sus domicilios. La mercaderia a entregar ya esta lista, embalada y con la factura correspondiente. Esta tarea debe realizarse en las proximas 48 horas. Es importante tener registro de conducir y vehículo propio, ya que es requisito excluyente. En total son alrededor de unos 15 pedidos, todos en cajas cerradas de unos 4 kilogramos de peso.', 850, 1, LOCALTIME, null, 'FACIL', 'roberto1985', 'SIN TRABAJADOR', 'DISPONIBLE'),
('Registrar ventas en registro contable', 'Deben registrarse en nuestro registro contable, todas las ventas realizadas a lo largo del mes, clasificadas segun monto de la venta, cliente, zona donde se entrego el pedido, dia del mes en que se hizo el pedido, producto entregado, etc. Se adjunta el archivo Registro_contable_2021.xslx, donde se debera agregar una pestaña con el nombre del mes en cuestión (puede usarse el mismo formato que se utiliza para los demas meses).', 1420, 1, LOCALTIME, null, 'FACIL', 'roberto1985', 'SIN TRABAJADOR', 'DISPONIBLE'),
('Reparaciones en cañerias de gas', 'Una parte importante de las cañerias de gas del edificio A son de instalación muy antigua y están deterioradas. Se necesita persona con experiencia de gasista matriculado para revisar y reparar las instalaciones en todo el edificio. Los materiales de trabajo corren por nuestra cuenta. El edificio cuenta con 7 pisos en total. Ya hay otras personas trabajando en el edificio, en otras actividades de reparación de instalaciones.', 32000, 5, LOCALTIME, null, 'DIFICIL', 'roberto1985', 'SIN TRABAJADOR', 'DISPONIBLE'),
('Limpieza en edificio C', 'El edificio C ya fue reparado y renovado completamente. Hace falta una limpieza a fondo de todo el edificio, el cual tiene 7 pisos y una cochera. Los materiales de limpieza ya estan disponibles en las instalaciones. Hay gente trabajando en los otros edificios, y el horario de limpieza debe ser entre las 14 y las 22 horas, de martes a viernes. No se requiere experiencia previa. El complejo esta apartado, asi que se acosnseja no vivir demasiado lejos.', 1700, 5, LOCALTIME, null, 'FACIL', 'roberto1985', 'SIN TRABAJADOR', 'DISPONIBLE'),
('Comprar insumos y alimentos', 'Hay que comprar todos los alimentos necesarios para la cocina para la proxima semana. Esto incluye gran cantidad de productos, por lo cual es necesario contar con medio de transporte adecuado (camioneta o camion). Las compras deben realizarse en tres proveedores de la zona de los que somos clientes habituales. El pago de los productos se hace por transferencia bancaria antes de hacer el retiro de los productos. No es necesaria experiencia.', 2700, 6, LOCALTIME, null, 'RIDICULA', 'maria_ana', 'SIN TRABAJADOR', 'DISPONIBLE'),
('Comprar posters de propaganda', 'Tengo interes en adquirir posters de propaganda de la Segunda Guerra Mundial. Pueden ser de los Aliados o del Eje, pero deben estar en buenas condiciones (solo se aceptan con deterioro normal de acuerdo a la antiguedad del objeto). Se adjunta catalogo de posters registrados hasta la fecha, indicando cuales estan disponibles y potenciales vendedores de los mismos. Contactar mediante chat en caso de tener dudas sobe el procedimiento de compra.', 39000, 7, LOCALTIME, null, 'EXTREMA', 'roberto1985', 'SIN TRABAJADOR', 'DISPONIBLE'),
('Fotografiar Tigrisoma lineatum', 'Orden: Pelecaniformes. Familia: Ardeidae. Nombre común: Hocó Colorado. Nombre inglés: Rufescent Tiger-heron. Pertenencia: Nativa', 2000, 16, LOCALTIME, null, 'REGULAR', 'flor_sab', 'SIN TRABAJADOR', 'DISPONIBLE'),
('Fotografiar Erythrina crista-galli', 'Orden: Fabales. Familia: Fabaceae. Nombre común: Ceibo. Nombre inglés: Cockspur Coral Tree. Pertenencia: Nativa', 1200, 16, LOCALTIME, null, 'FACIL', 'flor_sab', 'SIN TRABAJADOR', 'DISPONIBLE'),
('Fotografiar Magnolia grandiflora', 'Orden: Magnoliales. Familia: Magnoliaceae. Nombre común: Magnolia Común. Nombre inglés: 	Evergreen Magnolia. Pertenencia: Exotica', 3000, 16, LOCALTIME, null, 'REGULAR', 'flor_sab', 'SIN TRABAJADOR', 'DISPONIBLE'),
('Fotografiar Tetranychus urticae', 'Orden: Prostigmata. Familia: Tetranychidae. Nombre común: Acaro de Dos Puntos. Nombre inglés: 	Two-spotted Spider Mite. Pertenencia: No catalogada', 3100, 16, LOCALTIME, null, 'DIFICIL', 'flor_sab', 'SIN TRABAJADOR', 'DISPONIBLE');

INSERT INTO money_request (requester, money_requested, creation_date, state) VALUES
('roberto1985', 500, LOCALTIME, 'RECHAZADO'),
('maria_ana', 3000, LOCALTIME, 'APROBADO'),
('roberto1985', 2000, LOCALTIME, 'RECHAZADO'),
('tomas_99', 900, LOCALTIME, 'ABIERTO'),
('maria_ana', 5000, LOCALTIME, 'APROBADO'),
('mari_88_sol', 500, LOCALTIME, 'RECHAZADO'),
('roberto1985', 750, LOCALTIME, 'ABIERTO'),
('adrian127', 500, LOCALTIME, 'APROBADO'),
('abel1945', 500, LOCALTIME, 'RECHAZADO'),
('laura555', 8000, LOCALTIME, 'ABIERTO'),
('roberto1985', 1000, LOCALTIME, 'APROBADO'),
('mari_88_sol', 300, LOCALTIME, 'ABIERTO'),
('flor_sab', 1400, LOCALTIME, 'ABIERTO'),
('tomas_99', 100, LOCALTIME, 'APROBADO'),
('laura555', 3400, LOCALTIME, 'ABIERTO');

INSERT INTO message (publisher, date, text, task_id) VALUES
('roberto1985', '3/7/2021 16:55:00', 'Hola adrian127. Tengo dudas sobre la aprobacion de la tarea.', 1),
('adrian127', '3/7/2021 16:55:30', 'Hola roberto1985. La aplicacion debe estar funcionando en un servidor para que la tarea este aprobada.', 1),
('roberto1985', '4/7/2021 21:14:33', 'Entiendo. ¿Algun requerimiento especifico?', 1),
('adrian127', '4/7/2021 21:15:44', 'No, solo que funcione.', 1),
('laura555', '9/7/2021 09:39:52', '¿Las herramientas se incluyen o debo llevar las mias?', 2),
('maria_ana', '9/7/2021 09:46:11', 'Las herramientas no estan incluidas', 2),
('laura555', '9/7/2021 14:22:52', 'Entiendo. Yo ya tengo herramientas', 2),
('maria_ana', '9/7/2021 15:31:11', 'Genial entonces', 2),
('abel1945', '10/7/2021 19:23:00', 'En caso de alguna duda, no duden en preguntar', 3),
('roberto1985', '10/7/2021 19:29:30', 'Hola. ¿Se necesita conocimiento de farmacologia para esta tarea?', 3),
('abel1945', '10/7/2021 19:45:33', 'No es necesario', 3),
('roberto1985', '11/7/2021 07:16:21', 'Ok, genial', 3),
('adrian127', '5/7/2021 12:04:00', 'Pregunta: ¿que tan grande son las areas a limpiar?', 4),
('maria_ana', '5/7/2021 12:09:30', 'Son areas de alrededor de 30 metros cuadrados', 4),
('adrian127', '6/7/2021 17:00:36', 'Genial, muchas gracias', 4),
('maria_ana', '6/7/2021 17:12:41', 'No hay problema', 4),
('roberto1985', '3/7/2021 16:55:00', 'Pregunta: ¿cuanto tiempo hay disponible para el desarrollo?', 5),
('adrian127', '3/7/2021 16:55:30', 'Entre tres y cuatro semanas', 5),
('roberto1985', '4/7/2021 21:14:33', 'Genial, gracias', 5),
('adrian127', '4/7/2021 21:15:44', 'No hay problema. Pregunta cualquier duda', 5),
('abel1945', '3/7/2021 16:55:00', '¿Cuantos pacientes hay en total?', 6),
('flor_sab', '3/7/2021 16:55:30', 'En total son 37 pacientes', 6),
('abel1945', '4/7/2021 21:14:33', '¿Cuantos con movilidad reducida?', 6),
('flor_sab', '4/7/2021 21:15:44', 'Con movilidad reducida son 12', 6),
('maria_ana', '3/7/2021 16:55:00', '¿Que tan viejo es el edificio?', 7),
('adrian127', '3/7/2021 16:55:30', 'No es tanto lo viejo que es, sino el hecho de que estuvo descuidado y sin mantenimiento', 7),
('maria_ana', '4/7/2021 21:14:33', 'Ahhh, claro, por eso requiere tanta reparacion', 7),
('adrian127', '4/7/2021 21:15:44', 'Efectivamente', 7),
('roberto1985', '3/7/2021 16:55:00', '¿Las lavadoras son nuevas?', 8),
('maria_ana', '3/7/2021 16:55:30', 'De ultima generacion', 8),
('roberto1985', '4/7/2021 21:14:33', 'Perfecto', 8),
('maria_ana', '4/7/2021 21:15:44', 'Tambien las secadoras son nuevas', 8),
('maria_ana', '3/7/2021 16:55:00', '¿La aprobacion de la tarea la hace el administrador de la tarea?', 9),
('roberto1985', '3/7/2021 16:55:30', 'Efectivamente', 9),
('maria_ana', '4/7/2021 21:14:33', '¿Y como notificamos de que el trabajo esta hecho?', 9),
('roberto1985', '4/7/2021 21:15:44', 'Si ya tenes la tarea asignada, le das click al boton COMPLETAR', 9),
('mari_88_sol', '3/7/2021 16:55:00', '¿Por casualidad Juan Ramon trabaja en ese bar?', 10),
('maria_ana', '3/7/2021 16:55:30', 'Juan se fue del hotel hace unas dos semanas', 10),
('mari_88_sol', '4/7/2021 21:14:33', 'Ok, gracias por la info', 10),
('maria_ana', '4/7/2021 21:15:44', 'No hay problema', 10),
('tomas_99', '3/7/2021 16:55:00', '¿Esta tarea no estuvo disponible hace como dos meses?', 11),
('abel1945', '3/7/2021 16:55:30', 'Creo que si', 11),
('tomas_99', '4/7/2021 21:14:33', '¿Sabes por que vuelve a estar disponible?', 11),
('abel1945', '4/7/2021 21:15:44', 'No, ni idea', 11),
('abel1945', '3/7/2021 16:55:00', 'Yo tengo felte propio, ¿sirve?', 12),
('adrian127', '3/7/2021 16:55:30', 'Si, imagino que si', 12),
('abel1945', '4/7/2021 21:14:33', 'Genial, me viene genial', 12),
('adrian127', '4/7/2021 21:15:44', 'Por las dudas preguntale al administrador', 12),
('abel1945', '3/7/2021 16:55:00', 'Buenos dias', 13),
('maria_ana', '3/7/2021 16:55:30', 'Hola', 13),
('abel1945', '4/7/2021 21:14:33', 'Yo soy contador con experiencia', 13),
('maria_ana', '4/7/2021 21:15:44', 'Perfecto, asignate la tarea', 13),
('roberto1985', '3/7/2021 16:55:00', 'Hola, buenos dias', 14),
('tomas_99', '3/7/2021 16:55:30', 'Hola, ¿que tal?', 14),
('roberto1985', '4/7/2021 21:14:33', 'Bien, ¿te puedo preguntar algo sobre la tarea?', 14),
('tomas_99', '4/7/2021 21:15:44', 'Seguro', 14),
('abel1945', '3/7/2021 16:55:00', 'Hola', 15),
('maria_ana', '3/7/2021 16:55:30', 'Hola', 15),
('abel1945', '4/7/2021 21:14:33', 'Tengo una duda', 15),
('maria_ana', '4/7/2021 21:15:44', 'Decime', 15),
('adrian127', '3/7/2021 16:55:00', '¿Se puede hacer una pregunta por este medio?', 16),
('laura555', '3/7/2021 16:55:30', 'Si, para eso esta el chat', 16),
('adrian127', '4/7/2021 21:14:33', 'Ok, te pregunto a vos entonces', 16),
('laura555', '4/7/2021 21:15:44', 'Decime', 16),
('tomas_99', '3/7/2021 16:55:00', 'Buenos dias, ¿quien responde en los chats?', 17),
('roberto1985', '3/7/2021 16:55:30', 'Puede responder cualquiera, fijate si la respuesta te la da el administrador', 17),
('tomas_99', '4/7/2021 21:14:33', 'Entiendo, gracias', 17),
('roberto1985', '4/7/2021 21:15:44', 'De nada', 17),
('esteban_6', '3/7/2021 16:55:00', 'Hola, tengo una consulta', 18),
('abc_alan', '3/7/2021 16:55:30', 'Decime a ver si te puedo ayudar', 18),
('esteban_6', '4/7/2021 21:14:33', 'Queria saber si se necesita camara profesional', 18),
('abc_alan', '4/7/2021 21:15:44', 'Si, es requisito para la tarea', 18),
('mari_88_sol', '3/7/2021 16:55:00', 'Buenos dias', 19),
('abc_alan', '3/7/2021 16:55:30', 'Buenos dias', 19),
('mari_88_sol', '4/7/2021 21:14:33', '¿Cual es el plazo para realizar estas tareas?', 19),
('abc_alan', '4/7/2021 21:15:44', 'No hay limite definido', 19),
('abc_alan', '3/7/2021 16:55:00', 'Buenos dias', 20),
('laura555', '3/7/2021 16:55:30', 'Hola, ¿que tal?', 20),
('abc_alan', '4/7/2021 21:14:33', 'Bien gracias. Tengo una consulta', 20),
('laura555', '4/7/2021 21:15:44', 'Decime', 20),
('esteban_6', '3/7/2021 16:55:00', 'Hola, hola', 21),
('mari_88_sol', '3/7/2021 16:55:30', '¡Hola!', 21),
('esteban_6', '4/7/2021 21:14:33', '¿Te puedo consultar algo?', 21),
('mari_88_sol', '4/7/2021 21:15:44', 'Si, seguro', 21);